Ativo;ADF_Preco_Stat;ADF_Preco_p;ADF_Retorno_Stat;ADF_Retorno_p;KPSS_Retorno_Stat;KPSS_Retorno_p;JarqueBera_Stat;JarqueBera_p;ARCH_LM_Stat;ARCH_LM_p;LjungBox_Stat;LjungBox_p;VarianceRatio;VarianceRatio_p;IQR;Outliers_Pct;Chow_Media_Crise_BR_2015_stat;Chow_Media_Crise_BR_2015_p;Chow_Var_Crise_BR_2015_stat;Chow_Var_Crise_BR_2015_p;Chow_Media_Impeachment_2016_stat;Chow_Media_Impeachment_2016_p;Chow_Var_Impeachment_2016_stat;Chow_Var_Impeachment_2016_p;Chow_Media_COVID_2020_stat;Chow_Media_COVID_2020_p;Chow_Var_COVID_2020_stat;Chow_Var_COVID_2020_p;Chow_Media_Juros_2022_stat;Chow_Media_Juros_2022_p;Chow_Var_Juros_2022_stat;Chow_Var_Juros_2022_p
ABCB4;0,4644758995181079;0,9837524243306768;-18,336582644654484;2,2503623697202594e-30;0,04187553215929646;0,1;2930,9191011042567;0,0;735,9239951728837;1,21302405809818e-151;15,574285151396467;0,11248479487288536;0,9522203861560233;0,16962672430512016;0,023213642303972083;2,8744326777609683;0,38658824623260074;0,6990968468967896;8,729569014936057;0,0031493295595117483;0,5157541886332152;0,6060634237511285;21,086614044541186;4,5260233102352545e-06;0,043490445349246336;0,9653134680802476;1,6218003296076207;0,2029156099427855;0,6604232497549359;0,5090526939435437;29,715317728439334;5,30840606277672e-08
ABEV3;-2,3938799631200234;0,1434711997418004;-11,048755566696485;5,143235453041729e-20;0,3116399592201079;0,1;10573,277329840894;0,0;579,2607463867085;4,878775991532034e-118;27,71874707175088;0,002002132460735266;0,9356997424403506;0,06456142615520033;0,01697106056558062;3,983862834089763;1,5782944787996462;0,11462043396717034;0,2415540841280889;0,6231131310357962;1,6455285635213313;0,0999494826024691;1,119951497299265;0,28999338165975364;0,5480410044357934;0,5837120995117449;23,125982255306045;1,5736067452520915e-06;0,6016821653971637;0,5474526228121082;16,741201853766814;4,3692398898699914e-05
AGRO3;-0,6869011111525631;0,8501133333500801;-65,75231653886092;0,0;0,08968695022240157;0,1;3416,3266384574163;0,0;217,72329599014253;3,201685493794813e-41;10,391184040078512;0,40686919427853363;0,929963604785692;0,04409720098737635;0,016324036120978477;7,211296016137165;1,0187378780708616;0,30844596795685386;5,850845631461982;0,015614321079465154;0,6228606267506642;0,5334231557784243;0,3456699890692472;0,5566080301409209;0,07058187348525007;0,9437356546399417;47,13094493506966;7,674833557441271e-12;0,7598526583134079;0,44744039747498443;0,6521856818193976;0,41938077953059644
ALPA4;-1,6997673243989448;0,4312323623248079;-23,61413419368193;0,0;0,2695240491616698;0,1;18384,35456668212;0,0;550,4821274266332;7,068070240308307e-112;46,353229260829394;1,2376128197971447e-06;0,9151548070810376;0,014734566423570739;0,02594075508638668;3,6308623298033282;0,14833187580231263;0,8820891995167922;99,6121230675827;3,4729959591965945e-23;0,20831096313298536;0,8349969134509136;80,5707135846518;4,243142794028064e-19;1,6927503444303211;0,09064929140106816;139,92704940786464;9,389902461566159e-32;1,80842235567432;0,07075363257159033;85,55280674329309;3,5940051508933676e-20
AMAR3;-1,193320637436258;0,6764623848260516;-17,175516303550243;6,699664504846201e-30;0,3978165434266726;0,07809631748850318;36926,688981388;0,0;1304,544361847806;3,999103648900354e-274;22,995222504276125;0,010764226656140333;1,0571361078247727;0,10051696280176659;0,03312512722253412;5,547150781643974;1,7728533004183413;0,07633211937008262;164,72683257694183;5,663078815649042e-37;1,1521136646379295;0,24934485821899047;177,99990065950064;9,426162415866554e-40;2,2220399377971836;0,026391348726060717;208,97383976456595;3,3771739761699322e-46;1,8006249702724517;0,07196869158674059;56,39839950189547;7,269616329560919e-14
AMER3;-1,7336512080827509;0,41386304360547;-13,811684788061216;8,209012494157521e-26;0,4591910298544953;0,05164179747651067;6157900,448097398;0,0;84,58103459322561;6,313258443997019e-14;80,5303248930032;3,9515121786424384e-13;1,2295229799890637;4,180411572463072e-11;0,042398473612825775;4,992435703479576;1,1112491832220703;0,26653253718302417;23,273945382842147;1,4577265371108176e-06;1,0211409170400294;0,3072508210708668;23,896222747253194;1,0569632331832083e-06;2,3587431853178527;0,018442621152066185;69,17977813830817;1,2217932281403164e-16;2,21092438786619;0,027243059814998725;79,13397811922171;8,654618696706308e-19
AXIA3;0,7057763049782321;0,9899524434640269;-18,12849608644379;2,5099411459029865e-30;0,24308224903848105;0,1;35755,198634234286;0,0;233,07987921372884;1,9411926877467746e-44;23,24815678926144;0,009866738433409494;1,0275884680628202;0,42776704125348197;0,028615624661272248;5,093292990418558;2,1324991744045065;0,03305234265938462;12,084766772348434;0,0005138112348983664;1,9283619945189132;0,05388888307064282;2,2128187024802197;0,13694793079936118;0,4208018174489374;0,6739260197460234;38,05402971956524;7,570604957634595e-10;0,7211869461120872;0,4708483561980153;123,07215640154553;3,4810569847494408e-28
AXIA6;1,1932425081657507;0,99593886115936;-18,454226310296477;2,1515193597677737e-30;0,1780587738840785;0,1;19333,12975870005;0,0;450,17880439835875;1,9137074458919903e-90;28,615181386183693;0,0014378101663953344;1,0878319676854278;0,011579983557256313;0,026127395473960945;4,740292486132123;1,8715398358448805;0,061382763121254694;6,954280580823751;0,008394530461149881;1,5835311022711505;0,11339291991971702;0,42445309563467093;0,514761126017031;0,46351884488814654;0,643021297209427;45,73994113997985;1,5481043874111663e-11;0,9199732868867686;0,3576589722490735;123,70296347795801;2,557459638237607e-28
B3SA3;-0,9357823723892258;0,775960554268297;-27,48918824460713;0,0;0,06892833260586849;0,1;2276,3166184026636;0,0;472,4355132982041;3,406872349073435e-95;25,797756410936408;0,004021927762321407;0,8914356274162902;0,0018046117224548297;0,026225047845739743;3,1265758951084215;0,932526993143699;0,3511543378892204;0,010456520987560532;0,9185577529884551;0,3418903782196313;0,7324546133311537;0,04386826421887738;0,8341096614548421;0,786555397895756;0,43161212526753207;9,881008455853967;0,0016822674232835903;0,17310084706935355;0,8625920675642089;0,684643921116672;0,40804198615159365
BBAS3;-0,742221685485314;0,8355080395579342;-22,7100601754404;0,0;0,03653551688857495;0,1;14914,958115302798;0,0;574,1137633175388;6,173246654025811e-117;21,730718545762898;0,016536756152650968;1,0009739098325205;0,9776664467135983;0,023974463574202166;4,664649520927886;0,48888514078994694;0,624962314576098;2,11934446523934;0,14552797827097083;0,6855491058641162;0,4930486035270567;15,413943516784942;8,781565209276665e-05;0,21576625025080529;0,8291833497398303;40,81301848747369;1,86880397917283e-10;0,7504244963714581;0,45306387380039853;112,74504176098264;5,465277154843874e-26
BBDC3;-1,824235949703714;0,3684973217829485;-23,63008323899036;0,0;0,03953927161026298;0,1;8825,72866396817;0,0;475,34211050195717;8,162176209775916e-96;25,64331148928602;0,004250718248159646;0,9090563965863272;0,008945386833461244;0,0214887176256415;3,580433686333838;0,2518756720034865;0,8011564135580269;3,7009885085473546;0,054451768617468255;0,24465699659172718;0,8067366507613367;4,17520378066053e-06;0,9983697612652511;0,5893491181983224;0,5556752355767687;0,20220515932085517;0,652971348347147;0,08542776501970983;0,9319293800577079;56,66394612537393;6,363369055769445e-14
BBDC4;-1,5259864868361988;0,520619279430969;-18,07536561054763;2,5966171238297802e-30;0,0332046799544696;0,1;12087,077405010108;0,0;444,89363264627906;2,5651519536717645e-89;33,156790437053054;0,00025634170654333094;0,907031189739812;0,007532249395874935;0,02195144141364725;3,5552193645990924;0,03406479516234018;0,9728278862367261;9,725978037729533;0,0018298493512355594;0,20229259822210224;0,839699752917722;0,0209675649074534;0,8848747126150253;0,5006475066418177;0,6166610918213928;1,7749218031316516;0,18285072240562802;0,04561735677183611;0,9636199805295912;28,86516968120775;8,205466495173715e-08
BEEF3;-3,0780045672409333;0,028224353048116595;-43,564480989122785;0,0;0,07397319038348336;0,1;5993,09929451481;0,0;436,42556434207813;1,639455489701888e-87;10,672643275917983;0,3835841825195646;1,0190856589024049;0,5832738374791684;0,026890320872318088;3,8577912254160367;0,6725364135383504;0,5012952587415195;22,457484501039712;2,223807316544565e-06;0,734293034410816;0,4628166349896255;12,170022533258734;0,0004909190114953998;0,609518363331607;0,5422371334494519;38,04191950548491;7,617290395162851e-10;0,6643956728568083;0,50653497690577;12,268956265263512;0,00046564132577112675
BEES3;1,1372491578227588;0,995522320401416;-25,022436885976138;0,0;0,2232373540749548;0,1;385793,86892004043;0,0;102,46279907072667;1,7497670997515728e-17;171,25284835306857;1,5263681633173846e-31;0,6904761520264305;0,0;0,014553670548276384;9,329299041855773;1,3681197955696278;0,17145659848529637;90,14678487139854;3,704851562779836e-21;1,5065403943051963;0,13206249580526952;89,56760450949746;4,932755282556681e-21;0,05135773015438687;0,9590430651555266;160,78569666414603;3,802729684142628e-36;1,1588971806720625;0,24657874147149914;123,23422609609702;3,2159247531022396e-28
BRAP3;-0,07571681111247182;0,9518041593805417;-16,95503591975244;9,399397679629757e-30;0,3236202997209061;0,1;12629,950633329732;0,0;221,9724305690718;4,1300602901199844e-42;35,13434041898679;0,00011844197530767341;0,8999977760179535;0,004046416318402413;0,02559206321481801;4,362077660110943;2,06827968908123;0,038705089572813746;10,88378975275543;0,000978662907751226;2,898642730268491;0,0037732916399206167;7,0406709058726324;0,007999712871530831;0,8458603628467296;0,3976874788133695;53,05646624814764;3,89008057841917e-13;0,06436781054781976;0,9486820040857463;109,60661243289132;2,5490527433214903e-25
BRAP4;-0,3190274093974772;0,9227659160868907;-9,905565317930817;3,2705861004627236e-17;0,2448334935516012;0,1;9157,16683632786;0,0;290,43976144225485;1,6283380802603112e-56;26,535244481358397;0,003083241126716262;0,9959114647189028;0,9064454866947684;0,025317260458552277;4,841149773071105;1,870023686417712;0,06157525765309241;39,51462231684167;3,6084141152699706e-10;2,7454442584111978;0,006076242188326964;2,256700002107233;0,13311694062994625;0,8273693158953591;0,4080834261873019;48,76411730546883;3,370079905566201e-12;0,1442752452258984;0,885293732383764;107,44773004847468;7,358849947611257e-25
BRKM3;-1,5635656717794744;0,5018652379042328;-23,09917604988285;0,0;0,3346141762048387;0,1;8442,869785979956;0,0;286,55831935439755;1,0749322212030878e-55;17,687168114278293;0,06047559542361751;0,9657779643924772;0,32526426113448914;0,027486456213438107;4,992435703479576;0,06672946086544997;0,9468018512950672;19,885419128516688;8,450183541124509e-06;0,7799074421507732;0,4354988796281924;3,156338918036487;0,0757092996281407;1,4238230449628322;0,15461494752913144;21,39169668188463;3,863321692135533e-06;2,602505145174178;0,009333908931874434;2,461357925525627;0,11675768862592768
BRKM5;-1,6407757076896639;0,4618554917339804;-18,799719447334198;2,0229316905249596e-30;0,27315935856919576;0,1;29050,694050881706;0,0;602,1026227394743;6,240466406274847e-123;29,442260425134847;0,0010562574848672786;1,041961520291243;0,22775363141396587;0,02892249482628033;4,53857791225416;0,45091295158628086;0,652081581111825;44,8756426486099;2,3949125397883708e-11;0,7965588941902891;0,42575711036321734;17,32283210329279;3,220701924076032e-05;1,0499889132341658;0,29383688076438297;86,86422442939568;1,878056990258888e-20;2,3162881318479323;0,020666001937610368;11,24085499059035;0,0008076665389126376
BRSR6;-1,4760483133383147;0,5453248797575915;-16,519707768307754;2,0696376201704294e-29;0,05369860022415363;0,1;3689,68574517237;0,0;319,7519276404754;1,0294518542285078e-62;40,272285822598214;1,5172329337068785e-05;0,9191907394878521;0,02018844705956857;0,026646822994915748;3,6056480080685827;0,17826479338162352;0,8585305216516973;10,999774305011382;0,0009194373952864054;0,8723395647841701;0,38309497711876267;68,21178118121003;1,979427074025418e-16;0,17060783111182107;0,8645418139766425;95,03409075254427;3,3171186519206485e-22;0,976259968459531;0,32902471923157234;138,45419658875306;1,9223198927220453e-31
CGAS5;-0,4485145477225662;0,901678050503529;-11,418468814074929;6,967657077942272e-21;0,0892134141049457;0,1;47080,77943971433;0,0;498,1572195380921;1,0931280739750115e-100;66,33011757718566;2,254403360273887e-10;0,8907960957168544;0,0016951463413887868;0,015235248834983455;6,984367120524458;0,6602453225146219;0,5091376065703236;46,93874555715198;8,455860691027996e-12;0,67827597265626;0,4976363693887463;31,27694699532431;2,3880565541718546e-08;1,7894040619895493;0,07366074315388231;1,1952595541096347;0,27433763691489815;1,1111618693986482;0,2666389414154221;13,202317131290062;0,0002831463389312066
CGRA4;0,21974411613486391;0,9733474917841182;-71,32273821384999;0,0;0,05039579276408402;0,1;2855,8561445198184;0,0;433,5954719981906;6,576533482927272e-87;78,66136074926787;9,180932458324965e-13;0,8140619447214751;9,056269689722285e-08;0,01810090683500775;6,984367120524458;0,22724246569676151;0,8202508988534255;82,58742867760546;1,5611991086206437e-19;1,2488289488537756;0,21180645156458575;55,07089179328967;1,4148457571853092e-13;0,28543067908896136;0,7753366586283422;38,29408455129367;6,702111736424905e-10;0,32546505835898304;0,7448657248060129;0,22435211122098705;0,6357697345091605
CLSC4;4,395217063179405;1,0;-66,68732695811819;0,0;0,42762309798119064;0,0652486646632799;64238,19772326944;0,0;28,93291857855605;0,001277583628712844;19,533255515240096;0,033989524693271725;0,8981489399061761;0,0034151847009875613;0,018195637831501778;7,3877962682803835;2,558428992793215;0,010562515794116115;14,04799540602553;0,00018074248391156212;2,4058925049938473;0,016188065412121182;0,004919864459756508;0,9440843785301906;0,696589979766591;0,4861068742250019;15,34197720430741;9,121133584558412e-05;0,9601576494206916;0,33706514712122243;71,10353383866602;4,686288487797404e-17
CMIG3;0,33064673458953664;0,9787076675542024;-16,94947033521822;9,48515450183267e-30;0,06167797470753045;0,1;29007,090547931377;0,0;314,73119269371927;1,1899446299345694e-61;63,19872648533527;8,948379188728164e-10;0,9305101840122596;0,045775831182583104;0,024226827230265653;4,311649016641452;0,2448767252603353;0,8065679056907944;52,91035635060915;4,186370702653843e-13;0,7246694898179048;0,4687054439302025;3,365677479387729;0,0666431023712698;0,4019617880326774;0,6877396630153766;1,840206250989641;0,1750040266648925;0,1396848165414524;0,8889215159023344;28,387749746697622;1,0481141256117445e-07
CMIG4;1,1066147361636647;0,9952726831283035;-23,264405999679447;0,0;0,08607828232795804;0,1;20745,89166581017;0,0;327,143804859299;2,7985552271000028e-64;27,116222551230358;0,002496307925047344;0,9488907703825178;0,1418022622284303;0,02455255165651328;4,236006051437216;0,1659835322059832;0,8681812709192119;37,93819435149973;8,029155105862025e-10;0,9403872827036867;0,34708889787969976;0,03407810461211124;0,8535502223209404;0,5183075388116418;0,6042773608919751;24,980398474010652;6,041759384527855e-07;0,6919054266866576;0,4890583914210985;79,44118365399902;7,430916400128698e-19
COCE5;-2,055050809080762;0,26296853367690354;-13,948519060452265;4,748670559024638e-26;0,1774257519631612;0,1;6870,939214394884;0,0;89,00416552318619;8,43721863428494e-15;37,25477902674132;5,11277337372993e-05;0,8726087571467747;0,0002504436592161152;0,01699203816111801;5,698436712052446;0,7528012568045467;0,4516352478772286;24,38294568489786;8,221696030968273e-07;0,564064397382134;0,5727453722739119;32,1034944327906;1,565588958463517e-08;1,2377637829268147;0,21591452033651123;46,276014729143;1,1812106749990819e-11;1,215954818322245;0,22418866402611567;36,208002742031944;1,933981359400483e-09
CPFE3;2,5024689810119387;0,9990506423476231;-15,40339392792313;3,193101566869786e-28;0,10114238526063135;0,1;12416,860564098526;0,0;453,03718995631783;4,700360104370693e-91;34,598564000217976;0,00014616580167235046;0,8937688754112806;0,0022613789126193495;0,017017904514482596;4,9167927382753405;0,6787487421718402;0,49735801140636876;1,3955493194851007;0,23754105208309312;0,7323474004776993;0,464012772492027;52,96729927507142;4,068302465176089e-13;0,3898817376808437;0,6966534742693868;10,128096861139323;0,0014715486983224667;1,253254944234647;0,21025596889959133;8,780780910164205;0,0030623151107895146
CPLE3;2,597004553024137;0,9990745951080794;-66,60749540901844;0,0;0,36002425808433447;0,09438609565330411;10166,011148608213;0,0;330,52892193871486;5,365843871698927e-65;25,203585716556407;0,00497268286617321;0,8861238801381507;0,001062922561906099;0,021855325185896834;4,462934947049924;1,4448607455962894;0,148621573994581;10,181105499813858;0,001429944825935366;1,9847868539442104;0,047256681540585994;3,2078552928641404;0,07336175586413855;0,24925660957724816;0,8031780741968105;12,829407097057073;0,0003453108992744445;0,9333558098182664;0,3507304981961172;56,93480118356024;5,5553990657061025e-14
CSAN3;-1,5826230084389308;0,49231640302227103;-24,049148802291015;0,0;0,3359758629207681;0,1;4677,148413113978;0,0;491,79534481408774;2,499755187095315e-99;21,828873241188862;0,01600051706017548;0,9431983128313812;0,10252373884349986;0,02599690124663634;2,64750378214826;0,3777708836250707;0,7056277369065407;47,15918487211292;7,566330046419814e-12;0,5199889958043001;0,6031022831820487;29,038570706908438;7,507734845300424e-08;1,6763052052671996;0,09380507616461493;48,8817275667434;3,1762520436813316e-12;2,18393607135046;0,02911220785001744;9,923010617823879;0,0016444015689793985
CSMG3;4,714943053727915;1,0;-13,659058543809367;1,5338094579387206e-25;0,22077174114740744;0,1;12505,294978042835;0,0;269,388186452088;4,500637093960922e-52;31,61093036674536;0,00046479185467178077;1,0005724109300516;0,986872436723391;0,022802306414269353;5,673222390317701;1,278078215928799;0,20132344870966393;15,057935871350072;0,00010595517033799695;1,7382045906710486;0,082277733056355;20,207220546060714;7,14750027524268e-06;0,7280182063741572;0,4666564489437446;2,1179923932323415;0,14565644624964716;1,7426282290144277;0,08154536999314026;15,275745938204983;9,445313000352028e-05
CSNA3;-2,2544566374700596;0,1870773667602887;-61,22381742733094;0,0;0,08089909435597063;0,1;3984,1692804534578;0,0;553,0507874275412;1,9933385511884713e-112;13,196761960440998;0,2128777947177901;1,07246560038662;0,0372519400957243;0,03505964658360635;4,210791729702471;1,4789388746521877;0,13925219733455502;84,51797104567197;5,999285025246943e-20;0,913974517160507;0,3607941275785708;8,802163419287963;0,0030267108474088143;0,3432590944654092;0,7314274070742962;0,37855446954423677;0,5384131962211307;0,6394358940632952;0,5226094457087944;25,048160856285264;5,834402558236669e-07
CSUD3;-0,5024425982434757;0,8915389578210666;-61,8430862246896;0,0;0,2031888211701005;0,1;5503,561788276562;0,0;363,27686687744614;6,048766120238209e-72;11,580726678351883;0,31409609247260534;1,014579387416983;0,675159022469827;0,026255538157971048;5,4967221381744835;1,7633340818506318;0,07796045728351651;24,161007664291628;9,219290004143385e-07;1,7359625523028235;0,08265926169389332;12,93082916319053;0,0003271533560259643;0,25018063143675606;0,8024635626052573;0,7714887596250798;0,37981012141984155;0,39313029885180656;0,6942602204790301;17,366629700756334;3,147644162600206e-05
CYRE3;-0,8084494587683314;0,8166274943952735;-22,928013052084484;0,0;0,15725695803042755;0,1;11808,755646394762;0,0;1045,6525037167373;2,7289221149629265e-218;57,91029973272941;8,987531893541358e-09;0,9340383827956832;0,057955023380813264;0,02970331977281125;3,252647503782148;1,2808139745475888;0,20036653842816773;4,193160367373374;0,04065313001051859;1,3150830380686176;0,18856345618402476;12,104118522684502;0,000508522230020757;0,014602247324877275;0,98835072359204;44,35299595364071;3,1183898300932214e-11;0,9362639397169799;0,34925747751578246;2,5353627384914232;0,11140103419159834
DIRR3;4,339145595530842;1,0;-17,202492951655806;6,446123176351374e-30;0,3520471039102285;0,09782452417662565;3551,7185309146216;0,0;404,30292743829756;1,1425282056151922e-80;30,674654780149947;0,0006638698294573942;0,9739642229356805;0,4542267142467866;0,027774474438478046;3,7317196167423092;1,3620088238137629;0,17329484052311883;71,41438321339544;4,0143504394362186e-17;1,7233837354556072;0,0849040689805527;23,043367121384478;1,642284990965773e-06;0,8642215742066968;0,3875469187868759;42,62210750530069;7,479997573769202e-11;1,5193344764061094;0,1288533682878491;0,20287040691467786;0,6524384766687897
DXCO3;-2,1016793378694816;0,24383986771734417;-23,796093445354188;0,0;0,05748415099768428;0,1;5666,474892703133;0,0;747,5970201006955;3,770236021133655e-154;43,075017067495295;4,821765569171004e-06;0,9140567221346297;0,01349612502377684;0,028771038088036813;3,151790216843167;0,3499773321489932;0,7263801981308196;28,778525755167905;8,57809929938408e-08;0,290040477341588;0,7718013506102168;23,40894159547504;1,3594864289689667e-06;0,8863433387260867;0,3755196333701964;45,248344586869095;1,9841036454258576e-11;1,1323854124949924;0,25763202227080123;3,1069714083795166;0,0780348463780202
ECOR3;-3,1372148959319253;0,023918919544446558;-18,490317764973163;2,1272498682086994e-30;0,05860684589026406;0,1;7298,551080865698;0,0;633,3117290851865;1,275697098320834e-129;47,53347904505385;7,550304631563741e-07;0,8939996857133644;0,0023118931746612947;0,02719148109392308;4,059505799293999;0,26086607468607553;0,7942101162146716;206,56107670458564;1,0684582925049444e-45;0,5680148518276333;0,5700574995641625;98,94086065517527;4,8340361888081545e-23;0,6372497997455099;0,5240268098907722;120,33402352249028;1,3281317060712164e-27;0,39203281837911036;0,6950891813187623;36,21678402627839;1,9253651427964944e-09
EGIE3;-0,4451273961795313;0,9022871033383391;-33,87629869760703;0,0;0,05899160174188514;0,1;1500,379707001056;0,0;538,0429051170121;3,24254035448233e-109;52,971047346516585;7,5386998932265e-08;0,8094332703979459;4,307494405608736e-08;0,01654141748449789;3,303076147251639;0,3507524316946895;0,7258055930193843;4,183596858120596;0,04088286843880041;0,26723935682429173;0,7893028857670258;21,337091729646374;3,974329802024462e-06;0,9664036182475602;0,33391843544640043;7,016577839364257;0,008107872090951056;0,23610814283010728;0,813371601971111;38,359977412605105;6,481683338089235e-10
EMBJ3;4,314941774482091;1,0;-13,55810408844451;2,33853495741665e-25;0,20409551970086584;0,1;23242,07216683658;0,0;377,99990872398723;4,500265857029383e-75;38,27828978962392;3,394281388397735e-05;0,9391408919976827;0,08022733049992947;0,02500781274743366;4,942007060010085;0,419133571978736;0,6751458293309565;41,607253669601846;1,2500063371665127e-10;0,10880619678809667;0,9133617676456901;52,10313906669002;6,280721456025939e-13;0,92420573594359;0,3554835687065992;149,69546650273776;8,171335480085584e-34;0,99890696835812;0,3179785214345255;1,883748156821104;0,16998640533059284
ENEV3;-1,2057037218923168;0,6711373145620988;-12,606992931383497;1,6873689528900208e-23;0,5981101182086309;0,02280817107194264;110608,99317401473;0,0;287,1685051343963;7,990058290871837e-56;32,6345546947441;0,0003136931143969961;0,9514123336860221;0,16252446743964089;0,024771362245614173;7,8416540595057995;2,2621730267054336;0,023787044759796854;17,84734168792062;2,4473421789288498e-05;2,3589268913430748;0,01841652620469599;157,50669126661325;1,8573188720342706e-35;1,3246223954444512;0,18537318061535352;41,56061348415414;1,2798685772520827e-10;1,059490616025962;0,2894569382880824;48,10987497963477;4,685755432049578e-12
EQTL3;0,7590592454890057;0,990945723354568;-24,35957687080773;0,0;0,06268857226214476;0,1;3518,453337204276;0,0;418,6276796397875;1,0173580641674225e-83;57,39039472384218;1,1257696575223507e-08;0,8279030079829209;7,54228422383818e-07;0,019141828298873502;3,000504286434695;0,06679947194435072;0,9467468465493034;2,220734363626421;0,13624783759361941;0,38995105842551386;0,6965978473899005;1,3710860931756867;0,24169574873388341;1,0919249861552955;0,2749631857304098;11,44437485171835;0,0007240608501290647;0,3697578855239577;0,7116027385658591;10,189388407758898;0,0014235524669799506
ETER3;-1,6770666546087294;0,44296546819957905;-11,759986146668188;1,1541339988258951e-21;0,10223296530178917;0,1;120764,01756929288;0,0;110,18613034558622;4,893940342826704e-19;36,7073017058335;6,358455026006945e-05;0,8755388223522557;0,0003467869481739161;0,024987415968289805;9,02672718103883;0,6375141946860604;0,5238268190407722;187,96007127466748;7,866227943492662e-42;0,016915991990990434;0,9865045609976829;229,0684488796118;2,3703450405130465e-50;0,41835822738952855;0,6757241523705729;169,34967547527907;6,082860960229568e-38;1,4047906596180342;0,1602501134464797;2,305941791955807;0,12895989067961625
EUCA4;0,45457997759630353;0,9834252142974812;-23,8084719976523;0,0;0,17314531830746654;0,1;7111,208524252688;0,0;502,2636694614748;1,449341230277102e-101;91,78303436829201;2,371106669054797e-15;0,7766745163397644;1,3681811239507624e-10;0,029492538288438994;5,143721633888049;1,117234569812427;0,263977260013991;51,04096356643306;1,0714014872258576e-12;1,3737259448422054;0,16961184288062442;13,780332306943096;0,00020829894455335555;0,7027496363517269;0,48226981352759524;0,7173449819571149;0,3970673163225816;0,7125646819648045;0,47619421043603644;27,715482628589847;1,4798354338131578e-07
EVEN3;-2,991744917837447;0,035672545879993536;-15,164792626794455;6,51435844743431e-28;0,061504958597217066;0,1;14749,937911487457;0,0;859,605519861936;3,132923605062959e-178;49,68529428435777;3,0493317659362255e-07;0,9054139417505098;0,006551226479987404;0,030876778307519066;3,0509329299041856;0,6092120996882049;0,5424304505791315;20,6952491809632;5,546034392843883e-06;0,8768953567147967;0,3805993749699476;18,895748687698077;1,4152397051542408e-05;0,46056580161269683;0,6451511049800528;30,64617292829646;3,296822801822469e-08;0,44197634873538444;0,6585576533882415;0,655543624263706;0,4181862316927676
EZTC3;-2,4573732771826524;0,12619325012898885;-24,477851458337064;0,0;0,15086680764857888;0,1;6093,620534900507;0,0;904,6788768965667;6,265755133460326e-188;47,1763804276287;8,770107469618326e-07;0,938061387632923;0,07501077512597254;0,0280783398530906;3,479576399394856;0,8225164260278813;0,410841270232011;105,86949219118794;1,5981287356725746e-24;0,3041552471582465;0,7610257900488115;85,34962999503662;3,974302786308298e-20;1,5843796710137188;0,11325025172842505;135,0162471710688;1,0248850055386557e-30;0,5139849225055165;0,6073325337861429;13,52861493590953;0,0002380708609879447
FESA4;-0,7882061266368847;0,82256190443253;-45,99345143150854;0,0;0,11158122048286387;0,1;3454,806503160985;0,0;180,20035019396832;2,1289980011638717e-33;15,341855300612607;0,12008656982648759;0,9682872979740572;0,36199627136495094;0,02526738890850796;4,715078164397378;1,0498484871499156;0,29388641585966924;4,883250009292716;0,027175456884259576;1,1913218922424442;0,23361118889378188;0,6757131331957394;0,41111625099306043;0,20462409728365344;0,8378802577779747;2,1790548391424416;0,13997978361017652;1,1719825236541515;0,24134156152239503;17,046502774321002;3,7226377701877084e-05
FHER3;-2,6805412105225126;0,07746644082014989;-16,065973024311923;5,57299935743157e-29;0,08543324705443422;0,1;166144,94539172173;0,0;239,79311426508727;7,572016624138629e-46;30,83787802811211;0,0006240058363560816;0,9869247897953921;0,7070349372454026;0,03204578832482157;7,51386787695411;0,42650592115896596;0,6697625020184351;103,52081494691204;5,0717101775182865e-24;1,3146181001348178;0,1887158169488519;74,8951884943709;7,105297181261137e-18;0,41190319785982926;0,6804460074512576;14,583998366879495;0,00013609800422686522;1,0874870299283197;0,27696189548879707;14,958246943308783;0,00011168030524996913
FICT3;-1,9932402374602214;0,28954486238155286;-14,219432387643472;1,6677209589393506e-26;0,11615700769653245;0,1;67497,04325363525;0,0;223,10032180026428;2,3975187946788748e-42;295,62418180046984;1,3076301070939475e-57;0,5665557034986544;0,0;0,033986878213435996;14,775592536560767;0,7849670220480729;0,43257117679250423;52,472401088019616;5,216862112690729e-13;0,17052726039091864;0,8646121160843829;212,22663612037422;7,156442641355647e-47;0,6889303381735843;0,49090785862060504;85,66660782419125;3,397139170114686e-20;0,5342232653468199;0,5932290119136626;68,73019022438667;1,5286516449269814e-16
FLRY3;-1,4938618539651767;0,5365455771742007;-25,792744270818115;0,0;0,10906005259941641;0,1;4993,8532224395685;0,0;367,2551455168084;8,641923493855064e-73;31,50527155751179;0,0004839459090187552;0,9086474046645873;0,008642259207061409;0,021700561397860814;3,0257186081694405;0,6158172512386038;0,5380679867756631;18,591845659649152;1,6584912157685633e-05;0,2446106290618319;0,8067721208264803;13,378184537053505;0,0002578753100566175;1,2573332452761719;0,2087406153540399;7,832316642299163;0,005156831037545554;0,3223369062407454;0,747235932083488;0,16096130592372235;0,6882946287997805
GFSA3;-2,846143348036415;0,05197881269997846;-25,911862992842103;0,0;0,32085938844954354;0,1;22508,67352888151;0,0;1027,9624143794874;1,7691393748682514e-214;49,34287799147406;3,524262657897451e-07;1,1728773305500468;6,720071707988495e-07;0,04114993464682463;4,639435199193142;0,6465054649271923;0,5179978971353572;23,1109734826417;1,5858657485326857e-06;1,2580615707766785;0,20844379501894908;45,55754765007365;1,6973794307439892e-11;1,5873488720896811;0,11258765902585535;128,45261744077138;2,5143309872968558e-29;1,4003011404447379;0,1616744469216299;132,21857360268766;4,0059473212543656e-30
GGBR3;-0,42331048986845515;0,906133406316907;-64,22408759094246;0,0;0,24030999696952;0,1;2023,4735437646427;0,0;563,2862969761376;1,2844290646562338e-114;20,0273273234784;0,028995274468573876;0,9810445357288466;0,5858452903492191;0,027039785610510042;3,479576399394856;1,6812193806428868;0,0928306055579028;10,731619685125608;0,0010622637211184025;2,1562175058064703;0,03114226180712299;6,261842877407724;0,012376545147958098;0,86655583596126;0,3862470132168441;33,09700213236011;9,429541419238112e-09;0,21901286480025023;0,82665779171237;98,02082878947306;7,606580925787634e-23
GGBR4;-0,9143579897697217;0,7832073600413709;-63,28798485364078;0,0;0,22061187064274057;0,1;2596,910520545078;0,0;878,0769082812653;3,324962877461791e-182;16,623621365074936;0,08311831456299801;0,9975377317602846;0,9435753735579553;0,028513851543563267;3,580433686333838;1,7092496584216479;0,0875073294445089;31,92566693274334;1,7144071096328237e-08;1,9807354017034933;0,047702306699539364;0,012121019126618176;0,9123392100945253;0,8506014745342005;0,3950555373337033;15,818534087098373;7,096044695610923e-05;0,17172106622201827;0,8636712590662677;83,64290382225104;9,254083417186006e-20
GOAU3;-1,698079321751425;0,43210233881111176;-9,698953734110342;1,0851496069855801e-16;0,4013173629069936;0,07658734357457173;7213,508883217999;0,0;639,203227680307;6,957604426979593e-131;22,017306560841405;0,015016677025113175;1,017683434008842;0,6112411378088383;0,026823169996473023;4,387291981845689;1,5765634870881504;0,11500228273077698;12,540474799628072;0,00040281259857463767;2,7784658430713005;0,005496166675926558;24,72479100245986;6,892711399217224e-07;1,5208419860190947;0,12838913636791957;60,66127705150005;8,594403439460651e-15;0,8333009108471456;0,4047474549132151;107,25990918280252;8,0701654800956625e-25
GOAU4;-2,3759993021420422;0,1486253156532274;-17,78496371108105;3,2652437780863386e-30;0,3433989654236015;0,1;7097,682772824821;0,0;823,4491597135448;1,8738393103228012e-170;24,577579136863175;0,006206375026342698;1,0402618689186005;0,24714577176506358;0,029744452732782985;3,530005042864347;1,307466471686209;0,1911480527453928;32,956316383935;1,0131086388097396e-08;2,8263164233449105;0,00473843555379376;5,770345429598466;0,016344555450265457;1,361336957826493;0,17349577753720105;57,57000310623714;4,040632921212367e-14;0,7785197408721277;0,43632905651336024;128,07455215553153;3,023817273078902e-29
GOLL54;-2,5586133781351466;0,10185623120022097;-13,521385289603005;2,7306647680414697e-25;0,09086375249677288;0,1;65606120,4419534;0,0;209,9010688343684;1,3835613207654715e-39;353,09226513682785;8,792365412034652e-70;1,1004145307572433;0,0038971126012421475;0,04278604965848519;4,841149773071105;0,4432959188401805;0,6575767112933332;26,89523987420284;2,2551696393491266e-07;0,3320308883399969;0,7398857599349096;19,9926417992817;7,991585364397469e-06;0,8857489127310937;0,37588157100881037;36,70342299156457;1,5033933812211778e-09;0,8093205762861365;0,41851101029388804;35,24175899663576;3,161739826019175e-09
GRND3;-1,834264778130361;0,36358770929211937;-33,569934680459916;0,0;0,11435621996667361;0,1;1085,565006949663;1,8730693927536928e-236;288,33220685332753;4,537652361364126e-56;23,012214761060797;0,01070158135321695;0,8814564140142563;0,0006556480579109625;0,021631157646310174;3,983862834089763;0,44193319877729964;0,6585741249730704;4,21045332459045;0,04024114772563929;0,4731092101464802;0,6361648611655876;2,931321238842629;0,08695458149751897;0,9640575941621732;0,3351077209364018;37,51582337542343;9,949828191890315e-10;0,7876148888678876;0,43103135506133855;0,2313775011959849;0,6305308563548441
HAGA4;-2,383456298652667;0,1464602905290741;-28,791240087055783;0,0;0,039615298603684616;0,1;66631,84823065677;0,0;872,540495730963;5,164649769803228e-181;61,85859896783656;1,6098319557227167e-09;0,7444216209333236;2,0339285811132868e-13;0,03060757292770163;6,505295007564296;0,42365878013734193;0,6718529668041351;7,535595852241075;0,006076441053198036;0,2604050389291334;0,794567852716414;10,19656554790908;0,0014180368990228769;0,38834746070592635;0,6977822437233424;9,372648196698947;0,0022172320002075805;0,442245718673992;0,6583491797795529;33,097999950296035;9,42474366540071e-09
HBOR3;-1,397375848992068;0,5835335208988791;-14,146976097432509;2,1954738787043356e-26;0,1191540213401383;0,1;17711,21029309244;0,0;693,531995114972;1,5360296669184641e-142;43,66612052429248;3,7786780922859148e-06;1,0152954946744779;0,6601816850613362;0,03550840313130121;4,135148764498235;1,2418614091657716;0,21436280708507305;203,77158662397812;4,050032463230887e-45;0,08188950669795513;0,9347387467710888;184,65087656568735;3,852439710756633e-41;1,1258346132227581;0,26035532776461956;128,53266361074515;2,4180060419306422e-29;0,14415562211128122;0,8853957331368434;23,846958627297376;1,0841950477724937e-06
HYPE3;-1,6166623283542783;0,4744795393157086;-32,862771699813074;0,0;0,07015387457237163;0,1;6324,836189552594;0,0;388,75211209986895;2,327524616739761e-77;12,804977118447999;0,23478111923740116;0,9622156878352082;0,2774375810117271;0,022669963580817805;3,580433686333838;0,5688289916304552;0,5695311682139315;26,63261915275538;2,581101188063617e-07;0,16812954981070244;0,8664925064824076;16,15962856423603;5,9304050045212196e-05;0,5308404854325304;0,5955712171276555;5,7480075817162195;0,01655336487529798;0,3025888926150968;0,7622365847761866;1,6563888088720495;0,19816675252376312
INEP4;-4,0376394563844045;0,0012257502617534861;-30,656243111781848;0,0;0,2245728552215129;0,1;25654,707952973782;0,0;179,88185214263152;2,47912254012402e-33;44,9825346016893;2,1905616550825503e-06;0,8559367796534079;3,457428590758482e-05;0,040905500354820476;6,858295511850732;1,9266438817834148;0,05411674873106061;42,30406442040865;8,7856115278168e-11;1,5782731191287311;0,11458957664479125;17,273059242920155;3,3057991998774336e-05;0,5099184730009698;0,6101472570056584;0,9465906424812881;0,33064800520981497;0,906617029801927;0,3647236176097667;6,438697189042198;0,011204051289767036
ISAE4;0,8761207979771355;0,9927706478001682;-21,632817696424965;0,0;0,11740513558317808;0,1;113747,41857730756;0,0;205,80454550042504;9,923026484049152e-39;20,493931901947526;0,024912250747964836;0,9155317030475547;0,015182157947951413;0,016523284078853888;4,034291477559253;0,9140728612654203;0,36079218288667436;32,5378500782826;1,2542506773852846e-08;0,793576534184027;0,4275139665795493;65,22000751595832;8,8053746710895e-16;0,05224825989129391;0,9583338570762922;36,88677733247345;1,3696319863930226e-09;0,283269894096039;0,7769954848603556;53,17504787583287;3,6651162461940523e-13
ITSA3;1,2174908256423889;0,9961045281584809;-26,28553233500999;0,0;0,07438063089767646;0,1;2324,121912864326;0,0;490,4822245106605;4,768836503038506e-99;92,43497299706253;1,7595506152131925e-15;0,7311628773109417;1,0880185641326534e-14;0,019804289780745936;4,715078164397378;0,6245457705871018;0,5323435096442329;38,382574316717616;6,407775305403171e-10;0,8239245269206135;0,4100621491871817;114,26745557505241;2,590863659277696e-26;0,03522318490533637;0,9719036329870406;79,74672733432328;6,385618323494555e-19;0,9563309085050519;0,3389893170004035;111,16143794075899;1,1884392536912754e-25
ITSA4;1,1031935711310268;0,9952437864384499;-33,06854412296357;0,0;0,075555206084717;0,1;1691,912851510182;0,0;537,2601527561517;4,768022235103685e-109;16,60267004106986;0,08363136423558924;0,9274054040537499;0,03691525582380284;0,02016461561457144;3,3787191124558746;0,6594047179027974;0,5097018327891079;5,054482428691439;0,024617047872007195;0,7807207891151269;0,43502759968219407;17,94123706642711;2,330045819169065e-05;0,012768702700920632;0,9898131209795626;13,743784679168307;0,00021237684909517233;0,9522143989810845;0,34108051438711273;92,99328827857957;9,081515023540134e-22
ITUB3;2,7468633268099745;1,0;-27,759109321199276;0,0;0,10215034572089493;0,1;2128,036452680079;0,0;459,5678716643365;1,9000494520523225e-92;33,31059765353851;0,00024150337265838078;0,8911325918459546;0,001751957257265735;0,018939170382097643;3,530005042864347;0,5374920108780117;0,590980372483487;5,020953878947875;0,025097533441434013;0,8383456491149536;0,4019032704451803;21,426324269864896;3,7945445098185958e-06;0,27388009594222057;0,7841948597929562;6,728969174106704;0,009520854130618456;1,370681127959895;0,17060002479271338;82,68161715570434;1,4900003947568182e-19
ITUB4;1,7163428254039579;0,9981678267926101;-17,232776865895207;6,177496839371653e-30;0,10006902820300385;0,1;1537,8173209926363;0,0;483,6568562800078;1,3686090170253395e-97;21,124190509527672;0,020244029319052188;0,9289314446199618;0,04106880540375557;0,02100263465190868;3,151790216843167;0,7225428928568641;0,47003015196975456;0,47149087119976446;0,49234226052093893;0,8011187028653672;0,42312364343053305;10,318526830303808;0,0013275505991294388;0,27902753765864846;0,7802427207645778;2,5505355842844755;0,11033658088402884;1,2999537007728061;0,193740855728055;81,26910162287092;3,001065818120027e-19
JHSF3;-1,5082982068143584;0,529402413547011;-16,836679499376306;1,146665306088305e-29;0,16644906986441457;0,1;4092,3181615814397;0,0;318,00382414868136;2,414009919237169e-62;46,984043165685975;9,506029567662607e-07;0,9895897383156782;0,7647581209067273;0,030390634883177673;4,10993444276349;0,9324841408029804;0,3511588538498778;55,177709387274554;1,3410072047000429e-13;1,4414225645326713;0,1495500849545761;24,03979224017548;9,814531361061456e-07;0,010987374746065561;0,9912342609834829;1,2655985398622431;0,2606621302249305;0,42313923542895227;0,6722360993745196;20,392251756796057;6,4918688098109175e-06
KEPL3;0,10001115288010123;0,9660618555343122;-63,612957296128734;0,0;0,1130306881276178;0,1;134181,26983896687;0,0;428,5947061898688;7,653183860677536e-86;13,457440938825952;0,19920788289789734;0,9826250525965098;0,6174727562481284;0,023831551588100946;6,227937468482097;0,5504760508967576;0,5820594841630686;30,723360580947208;3,169217884926812e-08;0,8951311402801819;0,3708068271437603;69,4382417942202;1,0741463805566162e-16;0,8134488748992504;0,41601280171641297;16,25947165110719;5,6271570177262186e-05;0,4311069155707876;0,666432564277527;7,644792064148225;0,005719985421040409
KLBN4;-1,1470111882407554;0,6959651587615248;-28,29179028519454;0,0;0,11032771511945667;0,1;2657,2471351108243;0,0;560,3207560401527;5,540285295507394e-114;43,20508928670155;4,5701991679596925e-06;0,9170209982682485;0,017070057269123362;0,021769679487777492;2,924861321230459;1,0148803452109862;0,3102702604747698;10,105640773887476;0,0014895411967188702;0,8444238623628678;0,3984994358693653;35,65823270572433;2,5579382490748343e-09;0,7097154901310113;0,47793414435112236;10,972983401288745;0,0009327874695737925;0,9665248940227106;0,3338800267043408;65,52787868068992;7,550960437083397e-16
LAND3;-4,562869278026924;0,00015113009589024575;-14,542543779471783;5,117965280487207e-27;0,4454887173797896;0,05754796664664241;19249,249256790183;0,0;194,17883596838692;2,6372625671979132e-36;19,653515101589967;0,032705518790270845;1,0846890223912657;0,014918599556714263;0,02677969541608772;6,101865859808371;1,8557217766277383;0,0636173881615555;2,0776699958258315e-05;0,9963633672008283;3,4344505398879948;0,0006013069137468598;3,217501362987355;0,07293094894778349;1,6197551307777884;0,10538234307037286;10,815506311680162;0,0010153209551724807;0,5330720415891219;0,5940336603879972;33,226128688104865;8,828559089122384e-09
LIGT3;-2,201139491464153;0,20583214716335302;-21,943780935824787;0,0;0,07067746136363719;0,1;13268,963323560234;0,0;413,65493007016545;1,165827950779508e-82;27,416088959303487;0,0022371967932052284;1,0388426097906471;0,2642022192439004;0,028615045215267625;5,925365607665154;0,5741284177320509;0,5659139640727495;181,3433770551136;1,8878482606399613e-40;0,01455333111649269;0,9883892643375463;105,8190576308217;1,6382401916899856e-24;1,0097633515902442;0,3127257520878164;189,22811033628378;4,2809686367387684e-42;0,5977274885557294;0,550124474893837;141,3068622979087;4,800368030450554e-32
LOGN3;-1,4938222948964113;0,5365651176479193;-16,730695126307413;1,383917909973468e-29;0,25396045802686773;0,1;28554,109005045135;0,0;511,20369133606863;1,779903687871353e-103;34,098252296515454;0,00017775179851517873;1,0361226754249588;0,29911617604688345;0,030101396048239346;6,278366111951589;1,0414902343695083;0,2977148365320668;108,44219159279845;4,51520931082592e-25;2,010165027930506;0,044488649517429285;18,450129550231328;1,785883531446421e-05;0,5297248051523993;0,5963397420904266;4,430784586990602;0,03535905610000869;0,4534471161858586;0,650270249435613;18,933876597439788;1,3873677723214585e-05
LPSB3;-1,1724513256826044;0,6853327980737165;-20,32061652039992;0,0;0,04647373764011723;0,1;8015,860055934669;0,0;767,3372594994287;2,1626424895870097e-158;35,86399235615184;8,882813520340066e-05;1,01624779852153;0,6404741963719645;0,034796690714400134;4,387291981845689;0,031348152222291065;0,9749935497975672;196,1541869093004;1,5485236491504275e-43;0,8069802989857746;0,4197262679200441;149,6987359121496;8,158389281464337e-34;0,6155580176721248;0,5382487066125996;122,4011945312511;4,832432129956481e-28;0,3593091317824392;0,7194095201328619;5,769040742564202;0,016356676348880404
LREN3;-1,6978322477533763;0,43222971273634614;-24,34241909149484;0,0;0,2732187360055333;0,1;4249,430427644163;0,0;774,1104904839691;7,575706723323871e-160;44,77373084002313;2,3889358255209536e-06;0,8381736238713023;3,2932357900694598e-06;0,027921457860555356;2,773575390821987;0,5723737634829656;0,5671139781940713;20,64660328406123;5,687992257692204e-06;0,8478555254262042;0,39657282908364566;26,44793124952496;2,838225926645412e-07;1,8104288881945738;0,07036227118227333;133,9857076758529;1,693150237208311e-30;0,9036250654148422;0,3663408837319161;56,66770062666089;6,351402058611605e-14
LUPA3;-7,624804065390444;2,0823243460673902e-11;-15,669860513956598;1,5174388884136203e-28;0,3830193351400812;0,0844744245085857;236032,64592493567;0,0;212,20714679923367;4,560769446151033e-40;82,15033706883109;1,899723234653666e-13;0,8252820021933974;5,108486629268327e-07;0,035419492954105694;10,64044377206253;1,3300938064840329;0,18361595398615554;2,8727724563348738;0,09016809569345681;2,266570595634158;0,023502481741576434;15,27963000554786;9,425985564772122e-05;1,3130861122923063;0,18923327545221075;8,730705891207414;0,0031473708643771285;0,3660362969850478;0,7143625103037066;36,35561204111694;1,7941455725627587e-09
MBRF3;-0,2516776415673487;0,9320748678309093;-22,86245150722468;0,0;0,3115983989120872;0,1;12513,877745754837;0,0;578,3191734100195;7,761660643276001e-118;21,232074486166628;0,019532173828946234;1,0547505439778755;0,11553819122984565;0,03113904423165983;4,336863338376197;1,5375473802371022;0,12429541724446316;0,8986007303685386;0,34321496812132224;1,456844074997696;0,1452566082783798;2,585421717523098;0,10793131805149045;0,9356362288787028;0,34954278643325376;7,1813570507899485;0,007396951930799665;0,25978179297518494;0,7950636669750566;3,742175613147547;0,05312639702054452
MDIA3;-2,3583149332250954;0,15384888280462689;-15,776775574376998;1,1437060785718712e-28;0,18250017461003892;0,1;34078,0916579238;0,0;123,88837688904886;8,208493164851971e-22;30,734807835829155;0,0006488978692598923;0,90816140860554;0,008294020042363348;0,021029571231931072;4,261220373171962;1,133632248091546;0,25703212769740963;46,21874050001032;1,2158392589459064e-11;0,43149753392110685;0,6661306567086285;37,305188493186186;1,107337320340985e-09;0,992797319093867;0,3209095374767681;30,24005736875145;4,058076863425763e-08;0,20136665365349493;0,8404395276677633;5,8066705148117395;0,01601077875437515
MILS3;-1,167918333041949;0,6872419964145416;-61,92941889947332;0,0;0,18303024990289035;0,1;3907,803337727807;0,0;419,0782145896664;8,156446305597642e-84;9,391309317889341;0,4954126088224765;1,04595448372959;0,18652082715355434;0,030900568620635137;5,471507816439738;0,34879647541144015;0,7272629568478893;148,87272567620502;1,2178751257208447e-33;1,4751606287385175;0,14025559205306862;35,98055910565583;2,171122681903259e-09;0,5451996641172305;0,585657567042527;1,955830707987319;0,16203814745236678;1,1220554560266147;0,2619593545067677;34,93411184182829;3,697739703650683e-09
MOTV3;-2,7423672924235496;0,06698940057891237;-18,98545707317397;0,0;0,05945862043484857;0,1;11823,525392737727;0,0;978,2699429407978;8,962793332591e-204;70,45958853361736;3,6141205503068645e-11;0,8190882939991653;1,9904395220926574e-07;0,023566798613290384;3,303076147251639;0,5513510386705521;0,58143382235807;28,642386750547644;9,198167408712293e-08;0,3331316754872812;0,7390541586109897;4,454991856555385;0,03486185037455589;0,41740657891293415;0,6764137715592957;0,05470432319663058;0,8150828014691344;0,23437921401005257;0,8147115797422768;38,67726603446164;5,517770977585285e-10
MRVE3;-2,1624204834070304;0,22016615735051914;-21,86862973731764;0,0;0,055176046435879915;0,1;2009,588063625338;0,0;486,97245761604034;2,679937122639736e-98;51,44625777522448;1,444597305254304e-07;0,9462718302363465;0,12249319059773356;0,03349265375191206;2,798789712556732;0,5676805901788069;0,5703071429829006;13,59031758026238;0,00023039782352380202;0,008574105072167819;0,9931594467982577;2,6742834160566766;0,10206061580759232;0,923370142449362;0,35590408202474655;46,74330870055409;9,331707499664855e-12;0,4950206172013701;0,6206574717944358;27,077151544119886;2,0539189387789703e-07
MULT3;-1,6123756493211678;0,4767286468050918;-24,8460115776806;0,0;0,025216814804970854;0,1;18995,09880303981;0,0;1011,4513973625;6,3827871184483706e-211;54,318591257824146;4,232315831211442e-08;0,8819571121854908;0,0006910856817892164;0,022157874183885304;3,580433686333838;0,07337268847125161;0,9415144811165124;23,952589868599908;1,0266457920025738e-06;0,1576791174399401;0,8747181914852877;12,23244949859939;0,0004748121522552344;0,5643661229865828;0,5725595896057298;59,41973789889768;1,599834446966057e-14;0,4021563199519428;0,6876115600356533;8,026964340499172;0,004631885968590628
MYPK3;-3,360667107738545;0,012375076513315177;-65,52791338906476;0,0;0,0823233291253615;0,1;7453,476552777745;0,0;997,1336388274605;7,75095182002366e-208;14,48866010057108;0,15184605101429038;0,9306402570826657;0,0461831415941909;0,027720000714462862;3,530005042864347;0,036401654428068864;0,970964508147914;32,192513767829006;1,4960259297222216e-08;0,048392402977756134;0,961406198378462;7,81507298271812;0,005206166630799121;0,5798097577775072;0,5620942585005337;22,038761092291583;2,7623211418796934e-06;0,48396125510654914;0,6284665060123196;9,447880388321227;0,002128309614561269
NATU3;-1,8917086729035089;0,3359716095144877;-18,57581638734616;2,080320918568583e-30;0,20044476019957286;0,1;40171,14274344099;0,0;259,35283922420217;5,847609099295071e-50;35,40661117076364;0,00010640285686616129;0,9041506410610016;0,0058665573943970095;0,028327288878869795;3,756933938477055;0,33274722322524003;0,7393439157050755;112,3450153558198;6,649914221236853e-26;0,19672403513138317;0,8440535855171377;87,40927480173761;1,4341638508090595e-20;1,66966053090078;0,09513436373244993;123,31555898537569;3,0905845423915656e-28;1,1836701548120563;0,23675105190327486;85,57492962561946;3,554860462697255e-20
NEXP3;-1,6125516206427217;0,4766362931819226;-18,545431913171036;2,0953366818582043e-30;0,2790981876835512;0,1;240130,46853270358;0,0;204,50143065997986;1,8564666158577212e-38;49,237679553156525;3,684395322752168e-07;0,9520868429940346;0,1684371804090583;0,032841106123276814;5,774079677256682;1,5447457724845326;0,12249280161374257;61,76799728858022;4,940851606047705e-15;1,5988165886095578;0,10994106482232303;37,82194560509229;8,517317390247006e-10;1,2928542299698282;0,19619180200518951;13,75138472216239;0,00021152227721374573;1,08936336456842;0,2761442773246732;13,251671609038416;0,0002758122852439502
ODPV3;-1,8736887367804305;0,3445381670667532;-26,630912702568125;0,0;0,16528858940872668;0,1;629,7167886258527;1,8144155906738153e-137;241,39162372255376;3,4957797678192125e-46;37,098951049902524;5,4405575526281904e-05;0,8336370287900378;1,7353274481823888e-06;0,022381567211668146;3,7821482602118004;0,7285967328397109;0,4663185364767295;0,13782629838631652;0,7104714402347853;0,7928558201851844;0,427917561209456;0,00043556570174393353;0,9833502401273323;0,8960074467964462;0,3703260899208916;2,7224805319420122;0,09902336952252185;0,3061029361440682;0,7595631064158672;0,59864986362894;0,4391397674672902
OIBR3;-2,8484245240509036;0,051682654714107726;-17,996201059012982;2,7438816195546485e-30;0,29553920337657397;0,1;464490,5260000622;0,0;559,5571551577361;8,072079832728669e-114;132,5503349508151;1,4088194242916102e-23;1,1358901177290999;9,379682228338737e-05;0,03650434960325665;8,119011598587997;0,4965816385440612;0,619512157122825;71,76108044149525;3,378010013131573e-17;0,4597382265099691;0,6457294094167771;34,17687896155179;5,437780133988336e-09;1,2280733695693156;0,21956175012854812;41,80930707341082;1,1284906528127375e-10;1,6720914575376404;0,0947707614749792;51,70741989019325;7,663090937663933e-13
OIBR4;-1,8328050945666703;0,3643007481758542;-24,962737789536142;0,0;0,22737480594668336;0,1;123727,42724122616;0,0;330,0864662950959;6,658912663388463e-65;55,25872008910207;2,8253810413755913e-08;1,0898357976482305;0,00981468179148215;0,03048945512757785;9,4553706505295;0,16297442036819257;0,8705480566661385;30,12953228665345;4,2942035762447075e-08;0,9963071389607712;0,3191643765938669;2,805488636299717;0,09402109551805926;0,8972669489531551;0,3696593033270585;0,7047958041176622;0,4012275384564955;1,6347946996754308;0,10230935437808023;0,6645525127183524;0,4150062964801047
PDGR3;-2,3307026323884217;0,16225684596412554;-9,85915872763652;4,278911464300458e-17;1,1696945016415745;0,01;905838,4733488206;0,0;486,75147225598994;2,987622565290867e-98;62,81383747500922;1,059418037388237e-09;1,1385163652220522;6,845503506069939e-05;0,03993246416736705;8,093797276853252;3,0916707825317;0,0020044919981198816;48,040356810486344;4,852804267227524e-12;2,300506581313133;0,021473939165646952;25,024329675304962;5,906500699437798e-07;3,045452886954964;0,0023566771050281287;48,294554759196124;4,2694124932332194e-12;3,221449995400476;0,0013120699864065442;52,082049617045215;6,347655228583209e-13
PDTC3;-3,753853316298109;0,003416360333829785;-27,116956464871535;0,0;0,030825305864951087;0,1;7425,635974102153;0,0;309,8788240365676;1,2658688877314482e-60;20,722903745112216;0,023110817266199117;1,0276760991272131;0,4263009515718099;0,03656578698569546;5,950579929399899;0,029188426813822443;0,9767159051141223;121,77266470294343;6,571102721086446e-28;0,23300105076617803;0,8157727470369129;74,48423561528527;8,715892614762215e-18;0,40631405125963566;0,6845414731230899;13,024975080482907;0,00031116122301921845;0,779194819546366;0,4359536020315146;4,3383150996334425;0,037327731575984666
PETR3;0,6565229478815714;0,9889290501685182;-15,937620498260165;7,604125265832079e-29;0,2983164362194278;0,1;28587,99851292861;0,0;718,7364549208679;5,958771260419169e-148;48,576593417624686;4,869359087760948e-07;0,9973476133775621;0,9392268082976616;0,026958207901822677;4,815935451336359;2,2318049451782964;0,02570532770062844;6,4965606278104975;0,010845709096944317;1,9348771769918465;0,05309473325961417;18,6044446619466;1,647617527545951e-05;1,1627543879450009;0,24502183506158925;11,95412158955868;0,0005510013492462422;1,2272940105724466;0,21982817137360725;59,416686595071376;1,6022802524784875e-14
PETR4;1,178592757756425;0,9958345903088802;-21,897704506136556;0,0;0,31201593458153953;0,1;30268,445900891806;0,0;607,6395544783732;4,061970289438502e-124;43,3848539550115;4,24375777334106e-06;1,0002356865246484;0,9945946075820447;0,026308804794503877;4,942007060010085;2,085784471415481;0,0370852240464109;10,015836220751957;0,0015637518755643688;2,158909854686686;0,030931238440092886;12,308639675361189;0,0004558751984933064;1,1971986134144368;0,2313205706631545;20,385219178186688;6,515646945349266e-06;1,3432992756835769;0,17929181952868545;76,52085416845185;3,1675924796225078e-18
PFRM3;-2,3565815742945193;0,15436764470941988;-21,377390596385037;0,0;0,15876920949989376;0,1;14689,846456865125;0,0;307,0195718393719;5,096474588913438e-60;32,66975019456417;0,00030946203208198696;1,126883510833421;0,0002651019249952924;0,02455633364218067;6,227937468482097;0,7205350378853334;0,4712535348820583;66,62199922887199;4,373980112565235e-16;1,0197260824666332;0,3079293557742323;22,73462188091651;1,926664729964658e-06;0,9732146811041591;0,3305317017197689;30,97403417273763;2,7879675324668623e-08;1,0435628774427232;0,2968192274850387;1,8697650203246239;0,17157951994749077
PINE4;3,9837425122003576;1,0;-16,137478898169263;4,714343454209213e-29;0,40918142407694713;0,07319766203579865;45168,81121397291;0,0;604,6962292328944;1,73565981300778e-123;31,863699535489005;0,00042192414158896994;0,9987922372948016;0,9723057134737525;0,023818658037652145;6,530509329299042;0,4651273776303281;0,6418682045535926;79,05989392721466;8,978730986264204e-19;1,0248490685530716;0,30549716675357147;119,3945930663463;2,1031640871267873e-27;1,2303749056726936;0,21867045839272334;48,080315532014254;4,75607001527202e-12;2,6210109187451334;0,008842828874858724;11,124170958296844;0,0008599366305514814
PMAM3;-2,617276284088766;0,0894789214214965;-34,697841474312526;0,0;0,12406101484457235;0,1;29997,695372770657;0,0;248,78119153289535;9,791895210567924e-48;10,738280744191574;0,37826861982108484;1,0468692373612625;0,17790429300471144;0,03175858130760616;6,883509833585477;0,5701365285632536;0,5686249136894964;24,573525014315234;7,45190770086478e-07;0,5251026119100605;0,59954289809197;5,831821817414389;0,015783798170950294;1,16505210096354;0,24411670154022347;49,51345386750188;2,3108304550340827e-12;1,1823859853120382;0,23723646312424645;3,6784419416395275;0,0551921063264737
POMO3;0,5888779008659208;0,987338256063204;-67,82155668918763;0,0;0,1522569122715085;0,1;15051,101318843506;0,0;549,8797758160732;9,510534068975485e-112;29,541249774898823;0,0010177983773526386;0,9212320100341864;0,023564793218411317;0,025033182181720667;4,639435199193142;0,32500067212053607;0,7452052789404507;9,898049109265813;0,0016667994955295003;0,46712813342930853;0,6404388425441593;0,390630098633112;0,532004355757717;0,1974753871902519;0,8434699624328802;1,5037732739553893;0,22016453248395793;1,4635581740980277;0,14348034401965418;1,096850091830885;0,29502227114438134
POMO4;-0,6047771517374453;0,8698989284545262;-25,98343840461546;0,0;0,11693345581364063;0,1;9121,102573994527;0,0;577,8359739566631;9,849928472357575e-118;17,509205849857764;0,06382892223520581;0,9908457886594925;0,7924474374363377;0,02792877586586099;3,656076651538074;0,17989297736478585;0,857248756180348;27,74007382583269;1,461272610233922e-07;0,45420152199104097;0,6497118420334177;2,038992546212697;0,15338993134831921;0,08557855961392571;0,9318078275187806;4,340401768113476;0,03728206257751578;1,126331677550702;0,26016983102419944;4,454883075791245;0,03486406824349198
POSI3;-3,1379283108803966;0,02387070591690056;-17,263972766926507;5,917342849610499e-30;0,24578587170653315;0,1;24375,09052420376;0,0;412,9235560271764;1,6687495239717375e-82;29,686725253936917;0,0009637391665685202;1,0045900213633119;0,8950332003361929;0,03193305075309917;5,673222390317701;2,0561250274796716;0,03985058205997571;51,73772859381333;7,547205777617845e-13;2,0951751953577378;0,036219749326567206;50,541132029635214;1,3776828311636645e-12;0,1865533873719554;0,8520264158620267;63,545386214061665;2,032218718345633e-15;0,5090328949759164;0,6107896548927784;0,7563141062437491;0,3845371362981128
PSSA3;1,080313864190471;0,9950450575015004;-15,236163707806815;5,239058107137722e-28;0,05547542313106316;0,1;1003,5368740222063;1,2154486423505017e-218;222,82483016457098;2,7381511292399357e-42;13,092604621233342;0,21854019317349757;0,9665920878571213;0,33690631688741624;0,02021647528829592;3,8577912254160367;0,21415564799988457;0,8304416361459899;13,672757789300613;0,00022053351679396827;0,6149391606480247;0,5386385214939321;1,7435416918488071;0,18676692851093707;0,17588467161882304;0,8603960924141613;3,2922460238013045;0,06968330310903703;0,9878394242835731;0,3233501452140155;30,643611468566018;3,3011445101841964e-08
PTBL3;-2,2244075383107624;0,19750647598529386;-14,996223717350427;1,1066852308089517e-27;0,16009285372434104;0,1;4880,737135733675;0,0;498,65281375560494;8,56593008164301e-101;26,535589740720194;0,0030828556525255746;0,9190462163345382;0,019966262009367464;0,02913120986455227;6,00100857286939;1,1028186390394705;0,2701953419265031;53,09929979969822;3,8072679070853883e-13;0,060752789856583014;0,9515592923275209;64,30388496701813;1,3912900837878144e-15;0,7332372698461478;0,4634906524891671;174,6996911650348;4,6162443994355144e-39;1,5534151526918392;0,12052457629644339;31,747152349777988;1,8780637766181487e-08
RADL3;-1,0068098507545358;0,7507724682255031;-64,75286991194994;0,0;0,1899815128714224;0,1;2707,6730727658937;0,0;136,8718434865027;1,84218424128455e-24;18,464977128780774;0,04760867855629774;0,9373643418613649;0,07179202137057072;0,023314679428431843;2,6222894604135147;0,2982015177619295;0,7655758971903951;2,834176132955244;0,09235685574848447;1,1338545575644767;0,2569397255107447;5,001966281691232;0,025373948215112747;1,4354950572021081;0,1512564541355442;0,5144018227030741;0,47328178296753454;1,101831134561135;0,27069080925919037;1,9398824344495258;0,16375940808519773
RAPT4;-2,2515255828348484;0,18807857266916012;-20,38219127573437;0,0;0,07991169581345837;0,1;10168,897738372718;0,0;791,1762562129328;1,6271330854552946e-163;30,35152257646788;0,0007502431619362265;1,0320220363890238;0,35733268947970087;0,0294376982156168;3,000504286434695;0,6725042651951854;0,5013098967062797;57,16641054778426;4,9464648120256595e-14;1,166459816634074;0,24350353002742253;15,443218813484382;8,647099645213796e-05;0,6277360166367683;0,5302285894403453;1,268355639703837;0,26014356316548526;0,7777182565999722;0,4368220046984784;18,994320919463306;1,344308035538868e-05
RCSL4;-6,919014188452859;1,159371280922977e-09;-11,848833516473729;7,289927719347101e-22;0,17246747995444214;0,1;20142,355222077796;0,0;581,0573359717262;2,0116262321330325e-118;356,9211441179316;1,3530217355189618e-70;0,5217620317437986;0,0;0,03806789082963737;16,08673726676752;0,5372461413121097;0,5911565601547825;19,943156386704906;8,200046380711505e-06;0,5584244342692045;0,5766174276244668;170,01333025268428;4,416801721494909e-38;0,5202404297209385;0,6029250685595586;51,438679675417426;8,771776537611648e-13;0,3475626120300488;0,728196659226167;28,90380995794968;8,044559375437066e-08
RDNI3;-2,430798723497727;0,13323168439225003;-15,659015459255581;1,5623828170054442e-28;0,08945959922705454;0,1;8325,728242979387;0,0;306,0191977562161;8,295952375602864e-60;49,18080981662357;3,773945251316174e-07;0,883675929899029;0,0008267362269764877;0,025128077213581238;7,060010085728694;0,1948269196450787;0,8455396331563202;82,96801775727675;1,292854745279818e-19;0,3787903958111991;0,7048643419189079;32,92959744733726;1,0270118623715022e-08;1,2242547486648052;0,22096480463562032;8,598986088945882;0,0033827590457805277;1,4302743110654832;0,1528117191599017;3,107834506491268;0,07799353456412483
RENT3;-1,1087618697414825;0,7115651541737795;-15,953104864011948;7,319152409781111e-29;0,09032139576498184;0,1;15120,302587208644;0,0;1182,5247771937572;8,46954528114212e-248;30,282926806855286;0,0007699403101091572;0,8875351647043475;0,0012260363219602777;0,026996662267600086;2,924861321230459;0,013678508244455233;0,9890873580368807;28,435133611564282;1,0229509973674376e-07;0,49454501545706514;0,6209499763324692;19,542593975018928;1,0101547662475322e-05;1,0175662482062477;0,30898920327262586;39,51419177692572;3,6092018939389157e-10;0,9565648356643817;0,3389160577178326;0,024003681380262185;0,8768834326405762
RIAA3;-3,121446042557283;0,02500625980298116;-19,81580586743412;0,0;0,05179327402292797;0,1;14350,069643870056;0,0;798,980891783072;3,417255684832948e-165;58,40345985268109;7,256767402879871e-09;0,9512185972570099;0,16085547569281688;0,02796957437815291;5,597579425113464;0,06551485378895557;0,9477674601629963;226,19382141170078;9,28324859414005e-50;0,42030406015839206;0,6742866743633835;271,0103928303207;5,9360656195883325e-59;0,9081588095302324;0,3639117072086029;530,9080021824454;2,3666200860457228e-110;0,09158330788878533;0,9270433527621503;293,86506346918526;1,3318491975165437e-63
ROMI3;-1,2088325258318242;0,6697846880186747;-64,65766535706746;0,0;0,23430665940885334;0,1;3971,985323053457;0,0;260,7061260659853;3,0344930615402157e-50;7,131332395967914;0,7129909335817297;0,9884946713642251;0,7408592697758167;0,030314998582021788;5,219364599092285;1,917781649639693;0,05523743942569676;28,33604381472261;1,0762811074693708e-07;2,4577698035864772;0,014027511245598905;11,020732886536463;0,000909128455097528;0,013424876581584266;0,9892897282622457;0,7547741806198418;0,3850214898823704;0,7703538000429114;0,4411631895741708;75,55122342120343;5,128233767735893e-18
RPMG3;-1,991556627145264;0,2902874511907244;-20,177096630215956;0,0;0,09250170203958971;0,1;1813323,5571218508;0,0;30,880004968268008;0,0006141022370287184;23,46294688386701;0,009160902099956597;0,9446048924695098;0,11131545954179622;0,03052723207446014;8,245083207261725;0,44158016954448365;0,6588461364326649;24,542490181554253;7,572146964354838e-07;0,2616110565633368;0,7936420343232734;21,4680528283466;3,7132944790099726e-06;0,3832482648488883;0,7015567459714005;27,686951019581663;1,5016692114004316e-07;0,22305204710341345;0,8235089349877517;40,561631397242024;2,1225901702293133e-10
RSID3;-2,6269279637864447;0,08755853147788978;-17,47014426731508;4,54744657241461e-30;0,1486322694503552;0,1;21061,04441517954;0,0;245,0269493235816;6,024107944600795e-47;27,81726371382487;0,0019309123403590885;1,0450270202362333;0,1955679982623728;0,0401648947080276;4,9167927382753405;1,2337520495373488;0,21739239930786594;6,168156300327932;0,013048038355070018;1,7003580261316622;0,0891645348390925;9,383502314322476;0,0022041736046679466;0,36106721593659125;0,7180724788540144;2,032684617845212;0,1540272013900345;0,359478567387332;0,7192742730778775;11,521810855010733;0,0006945974310069974
SANB11;-0,8468371692014846;0,8049755346128852;-16,811539755947887;1,1979473563430623e-29;0,0931182384770859;0,1;2852,077174875468;0,0;453,49491737225327;3,753905658563605e-91;44,649439389068455;2,515353999662815e-06;0,8642647359567126;9,55388037484628e-05;0,023304132726910377;3,252647503782148;1,147643363259954;0,25122472815416985;1,782897594847548;0,1818705910048782;0,6775297574103228;0,4981181313113994;1,3141293759222537;0,2517175615405318;0,43926498378210993;0,6605016630393601;1,0927921697618543;0,2959171220057296;0,06253326916467179;0,9501434041124672;75,89769279143972;4,31710842365232e-18
SANB3;-1,1461980257872835;0,6963016718018502;-36,76797933141853;0,0;0,07031194631919811;0,1;994,4636603841319;1,1349060755024832e-216;420,3694418918309;4,329453116593348e-84;295,35714320254874;1,4890609177549338e-57;0,550767246229713;0,0;0,026037664083081464;13,010590015128592;0,5978984410255005;0,5499900518004505;128,12425769608924;2,95134273542451e-29;0,3092546434721833;0,7571564917132451;156,6361537779352;2,830473864402849e-35;0,30398953857870453;0,7611518314458826;182,83703952095203;9,208378625663948e-41;0,12678473371954524;0,8991175666943227;225,46444707207604;1,312811568571684e-49
SANB4;-0,7333079696690026;0,8379323829226133;-30,901455867446447;0,0;0,11995704191274144;0,1;1976,1155979453251;0,0;418,5421068304531;1,0609680526246776e-83;337,58991408113894;1,7094664427736756e-66;0,5140976046847141;0,0;0,02106031040867086;15,330307614725164;0,7125536421808258;0,4762279024874735;159,08995274662408;8,634274638637917e-36;0,5144555244085287;0,6069881602683478;199,02623771967313;3,9164764003012837e-44;0,3628677229938183;0,7167230899739606;82,75285262963148;1,438318507936117e-19;0,08613457690722852;0,9313641965847247;139,8014495272786;9,981386999048295e-32
SAPR4;0,971549135065909;0,9939565010775638;-24,174756036718676;0,0;0,07984270209142431;0,1;7865,216631262647;0,0;369,7932956615764;2,496646516875403e-73;22,984712621653557;0,0108031475003025;0,943275802165498;0,10299325192800035;0,021156398897578553;5,849722642460918;0,09908542423252883;0,9210788166221233;0,40014254044140096;0,5270521374495012;0,6038750411802817;0,5459728348266644;14,869048315927552;0,00011706664616160321;1,0948231905400845;0,273671419732115;22,71624622551879;1,9450705847840995e-06;0,3166837663399857;0,7515101409048212;51,585755628951866;8,146481832760512e-13
SBSP3;2,536689074602901;0,9990607343596357;-63,53926699354097;0,0;0,06521410290470929;0,1;6567,21017275953;0,0;589,8413220263297;2,6430423680406597e-120;12,31198154099476;0,26471921192040937;0,9597689052281164;0,24750723523150153;0,02416552160927716;3,3787191124558746;0,5837249831215235;0,5594540997169811;4,458124295117208;0,03479804814990736;0,3272468510061447;0,7435011936469469;0,21911626453972433;0,6397398424158527;0,09664874232078044;0,9230121150816031;0,4663689324713152;0,49470229765918977;1,1564226825431758;0,24763414907465786;40,656877702265724;2,0226079713000226e-10
SCAR3;-2,7183107963256523;0,07092294448183929;-23,18383282172753;0,0;0,1864458755021452;0,1;15300,47988706313;0,0;298,6496769711696;2,9996784509151494e-58;35,79457715843685;9,129888317887326e-05;0,9933622577504363;0,8486830631055919;0,020801127807726066;6,656580937972769;1,1295534676143382;0,25874592740511376;104,77513081614866;2,736880027476078e-24;0,5752119584593882;0,565180979220574;108,7329148524803;3,914494929213329e-25;1,2202022455675625;0,22251475003710242;116,4585097079421;8,854804486947037e-27;1,0951158985446636;0,27364812331234806;59,06265220668404;1,9130319925217632e-14
SHUL4;-0,17322222384770908;0,941639095641869;-13,9809515290336;4,178545449242288e-26;0,10126419363776835;0,1;6944,227435588362;0,0;394,2841476889121;1,5489862729940874e-78;44,798933221825514;2,3640795627594084e-06;0,9800068926765078;0,5654988294399816;0,02190797635921713;6,00100857286939;0,9897852625255555;0,32236082878803707;78,32453817313765;1,2933865731008137e-18;1,6092599622038744;0,10765290433717706;14,031244727221486;0,00018235384368459705;0,20166620244589234;0,8401916942722669;5,156086315540591;0,023218463461933087;0,20943961591093563;0,834123842384778;18,14653448422866;2,0928879593817653e-05
SIMH3;-1,8265213988047204;0,36737630135076843;-20,831585415639534;0,0;0,07672968641807557;0,1;15585,789631130849;0,0;915,3457007001191;3,169712650606575e-190;21,34351455275156;0,01882155472128334;1,0797316100618295;0,021914275818106788;0,028943059169181204;5,774079677256682;0,1570771159587475;0,8751928218477486;161,692613352501;2,4530106208915264e-36;0,25559004599788676;0,7982806881731139;135,0728390200735;9,97021521766961e-31;0,6567146824088391;0,5114349317507848;217,97489296041235;4,6267233157057866e-48;1,1802206920518181;0,23810569202044013;102,89444479321894;6,9020420148713e-24
SLCE3;-0,5753227147300423;0,8764611588125397;-66,03753076293195;0,0;0,11278278563470329;0,1;1127,7934178592536;1,2669834690208786e-245;151,21037648315865;2,1006663677171577e-27;13,31149555052753;0,20677342896170064;0,9046919315305939;0,006151606807591081;0,02296716178037405;4,639435199193142;1,1833342633954507;0,23679635346942798;1,3846446729643664;0,2393822264275432;1,1817805634670862;0,23738029076478503;4,025217112628081;0,044892658591323145;0,2475875287421827;0,804469106095374;17,91681556944106;2,3599987348074707e-05;0,8715144970880869;0,3835663788864745;67,7886497506125;2,444348146966819e-16
SMTO3;-1,7022765381325007;0,4299399192938239;-23,33402184157699;0,0;0,1726236843886484;0,1;144901,70940779548;0,0;673,4267328161072;3,171375607788177e-138;51,74238253905221;1,273502191349564e-07;0,9330229786421028;0,054201175242688304;0,023607881403100685;4,185577407967726;0,5678505200913533;0,5701811541538789;10,55240632448562;0,0011700460078784597;0,8266825727633381;0,4084703959716292;6,4243093179354425;0,011295026021123672;1,0640375061798442;0,2874275681960346;83,05528778506286;1,2381395187966813e-19;1,59691815469843;0,1104743581988912;13,426733109260107;0,0002513085939993107
TASA4;-1,739509218576183;0,410879634808296;-11,774853102579549;1,0684665356602961e-21;0,2706244971100113;0,1;78483,06680607957;0,0;612,2379767686347;4,2000621541991367e-125;32,83557240941958;0,0002902670804438095;1,0515829182067875;0,13814655137740872;0,02920746576318478;7,13565305093293;1,4906432179839784;0,13615064724730677;25,820737019913643;3,919109071489119e-07;2,2519290431753034;0,024381864182634015;29,700399243622154;5,349108930667046e-08;0,8785070154954175;0,3797269527887841;5,60132070904965;0,01799474059428522;1,2738596602359809;0,2028058217759937;66,50463967692245;4,637736384221935e-16
TCSA3;-1,2312193520083519;0,6600238607332467;-30,823201678947886;0,0;0,09106171688690656;0,1;14890,03011047239;0,0;208,065508862207;3,345613430465926e-39;12,592648876854678;0,2473470462843259;1,0052677326859876;0,8796454524516708;0,030550395262410594;4,891578416540595;0,5618921999071596;0,5742276020071704;68,66482652228254;1,5792749984314883e-16;0,41805700742413776;0,6759284000693334;66,36401150233154;4,974837742579991e-16;1,0423874221821765;0,2973428248560181;114,46226530271801;2,3549141754072188e-26;0,12557935801691453;0,9000814743269949;24,716188096332846;6,923354477427488e-07
TELB4;-4,848193664267673;4,394413403565399e-05;-28,721121540872872;0,0;0,045846770569456165;0,1;1845374,023588936;0,0;135,10909937004735;4,22601248718705e-24;91,85433554706037;2,29502066447623e-15;0,8143105072089746;9,42038422824254e-08;0,030439244560932464;9,707513867876955;0,7808064650140881;0,4349841954352027;0,03052872078255179;0,8613048816808713;0,5682108629254261;0,5699377688125851;6,245291701233734;0,012492538255541582;0,22453574923268194;0,8223521489278717;17,65853558244302;2,7014850428570226e-05;0,03879454952991519;0,9690568594109414;17,39688918266419;3,0981445488289575e-05
TGMA3;-0,1786861310492451;0,9410149455912752;-18,88190530022757;0,0;0,1373449484703447;0,1;4606,849033568607;0,0;965,3567502893176;5,413420353393347e-201;46,37256878723716;1,2276543527296572e-06;1,1051059873832205;0,002517534974553426;0,02624525813224518;4,639435199193142;0,4210083558328051;0,6737789134953212;23,58097509195267;1,2438580781240923e-06;2,156956146072256;0,0310790988931842;0,13860485480999107;0,7096918353220798;0,1735798858567267;0,8622080941073191;0,06561109820100298;0,7978509053676184;1,3941870553598585;0,16338625529483336;75,13673931967047;6,301379121157273e-18
TIMS3;0,6968824122212967;0,9897754470250067;-39,16290387303141;0,0;0,061470009371977635;0,1;2994,5744947538;0,0;342,54163853783496;1,5231840862840734e-67;32,9807708502206;0,00027441996203891064;0,8400548369392744;4,274796725933783e-06;0,022537898735271428;3,0761472516389308;0,1283792220744821;0,8978609220198918;16,904111463402966;4,011280959014094e-05;0,6556435833507207;0,5121068512969855;52,38254922331968;5,457830643175141e-13;0,050244575895533605;0,959930532573616;28,91574663239854;7,995494700529456e-08;0,7778526862310244;0,4367314697943965;79,29572185542395;7,987110594907911e-19
TOTS3;0,18604949816563945;0,9714682085768601;-46,9154336814421;0,0;0,05371411648490204;0,1;3555,4840545991055;0,0;862,3977308921263;7,856866516960062e-179;17,923308057427533;0,05627118779288377;0,8710593752528354;0,00021027420400798746;0,025145309338799993;3,3282904689863844;0,1983286348860053;0,8428020865651122;18,41334332761733;1,8205300716096324e-05;0,7355595000613109;0,4620466084537357;7,482451390426576;0,006258048436946665;0,08479324983329892;0,932432573953845;34,226286173442595;5,302612459233467e-09;0,07791827527040984;0,9379020031485957;0,005058428166749252;0,9433037473368397
TPIS3;-1,2530062665581867;0,6503886331472919;-18,0915210128089;2,5692781824473682e-30;0,05663954028282588;0,1;23941,873944178555;0,0;174,36017890828847;3,4656063509022464e-32;33,007850056620825;0,0002715596770210724;0,9523391982198269;0,17069033523702948;0,028924470599481684;7,085224407463439;0,9127664846912846;0,36142313102027596;122,46473320614852;4,68461975606787e-28;0,5665284285108735;0,571066772754579;69,9191638294019;8,452863938223913e-17;0,3009234431302679;0,7634978387821144;40,84958856805414;1,8345081604550533e-10;0,10419207940698436;0,917027591503103;0,965097391353174;0,32596588079530187
TRIS3;-1,524922069349671;0,5211487083422067;-17,26719041000378;5,891420816138238e-30;0,19023296628127034;0,1;18306,400903458438;0,0;639,1756867146073;7,052864876561633e-131;67,55705426134863;1,3105071824092219e-10;0,8499796472156725;1,6158713019631676e-05;0,028752723977847207;5,320221886031265;1,3410730768483996;0,18001084659362668;8,080763412766169;0,0044966377978363095;1,3235959219103597;0,18572688918527702;5,527294227679688;0,01877075341969004;0,8590211280508093;0,3904080899559483;56,301655982119314;7,630974943736838e-14;0,2734432708661838;0,784542291691358;5,166099093888043;0,02308517379098533
TUPY3;-2,422714066048989;0,1354278840973584;-28,147211162004492;0,0;0,3295078080397875;0,1;3230,846101413515;0,0;384,0271767661855;2,353796097979496e-76;13,714985692762223;0,18639339720453113;1,0441524272714613;0,20439031499528237;0,021277691714887186;5,118507312153303;1,387585844023768;0,16537570408185034;48,301670435507724;4,25413399319153e-12;1,0717297208969072;0,28391330310092977;35,55101692098653;2,7013451248789356e-09;1,3076940191165645;0,19109313608751524;36,05259176884905;2,0930251032495934e-09;1,1935135982662946;0,23282275564871116;0,31064689579400295;0,5773149649355365
UNIP6;-0,1614036631288459;0,9429685408663836;-17,810686360527598;3,190163928004692e-30;0,6082001344303265;0,021890896869970315;10816,693946656194;0,0;608,2051901200861;3,072709562766897e-124;44,153736441279335;3,088822836461931e-06;0,9427321363587272;0,09973497749962834;0,02471697041931405;4,891578416540595;2,6507418075709817;0,008083122244756059;3,7505353354922706;0,05286158427298793;2,4723715742586463;0,013469090159868413;11,703100723829705;0,0006302680537754549;0,47231742103937596;0,6367351985949785;2,273528956969511;0,13167962888378001;1,3705138033024846;0,17065400394775745;28,299045864616975;1,0969005126834238e-07
USIM3;-2,6789372797610276;0,07775449366436203;-57,77689413576418;0,0;0,04408418505707613;0,1;18057,855159145172;0,0;320,0722054285239;8,806163780160243e-63;35,49070581328099;0,0001029335180576009;1,1393410276263154;6,193955906308446e-05;0,031511252047860774;4,942007060010085;0,34908577015833536;0,7270545480220696;5,90323211646587;0,015157252924914714;1,2338340188360073;0,21737665599967104;84,99337826761423;4,740911431574871e-20;0,25898616166813354;0,7956614839685819;5,949312342281409;0,014766607218750559;0,5960326805897642;0,5512120381747769;26,249675501307717;3,142903947555997e-07
USIM5;-2,846418124660113;0,05194306579477933;-60,04449523279014;0,0;0,12124215387496914;0,1;6864,943591642441;0,0;377,4612282273486;5,85796840314272e-75;20,42409773955793;0,025487206328629927;1,0620039870560058;0,07470397078133306;0,03368462367564862;4,841149773071105;1,360450756937947;0,17379285048224163;19,28470296984301;1,1554345057564886e-05;2,07570726427096;0,0380005907038344;0,947183603951507;0,33049660766976785;0,3327181115990039;0,7393683548752958;14,04496188862473;0,00018103323054236963;0,6489008180249545;0,5164673103920665;57,74254897068121;3,7059448969210406e-14
VALE3;-0,062321225441190446;0,953064550032379;-17,20400536709371;6,432314781673718e-30;0,1791527672853887;0,1;13034,795869836544;0,0;415,96954607616954;3,746865685777705e-83;32,47563789066748;0,0003335128780528673;0,951835364441339;0,16621413403687502;0,024857013726298748;4,790721129601614;1,6140756449870803;0,10660854626812509;42,319898160130855;8,715516017964212e-11;1,9040590370308574;0,056992128277224316;4,370562737583496;0,03662845617941191;0,815737802725515;0,4147066681906377;34,82687019146567;3,9052473251313256e-09;0,059861996999730216;0,952270245864104;81,30711493870515;2,945030210987463e-19
VIVR3;-3,210402854275558;0,019390362831096627;-12,155673927050945;1,534108327378814e-22;0,027495305404231275;0,1;62394,73821884086;0,0;635,9299412700076;3,502307340678654e-130;216,34582662171596;6,216848501458973e-41;0,6770529376857652;0,0;0,034413613477502956;12,329803328290469;0,14970139960026396;0,881007855400957;66,07504234715198;5,746482996395191e-16;0,2741952406746363;0,7839562279431265;4,4685477145774595;0,034586619586939905;0,2718978412544618;0,7857150386174496;12,90593288139046;0,00033151931980793074;0,24894274569206182;0,8034199298337152;40,6803131365831;1,9987390633110936e-10
VIVT3;1,0892894485660227;0,9951241677862677;-35,8555027260737;0,0;0,04874090094053055;0,1;3619,264757396851;0,0;367,999006735056;6,005908411709445e-73;94,5605982188498;6,644212507188739e-16;0,6992726108837237;0,0;0,018579147718476997;3,6056480080685827;0,10270762679866784;0,9182032705898915;0,03483349694311456;0,8519545382403175;0,23500953503960445;0,8142169043659642;17,1270180968074;3,5687652486094064e-05;0,08134048155730385;0,9351762886666976;19,131690330201874;1,2513745800821894e-05;0,2538521395797409;0,7996332880249167;42,03865252957396;1,0048305388241123e-10
VLID3;-1,5943054655835893;0,4864534279725372;-16,887815512363442;1,050758419575192e-29;0,12656189355377287;0,1;4684,506563146938;0,0;574,3961065119508;5,3709944642869924e-117;50,15773412961431;2,496589673697167e-07;0,9119483519988513;0,01137358079222306;0,02485330239573836;5,345436207766011;1,2402793981253284;0,21495004432273265;192,65392078462102;8,282200058164014e-43;0,5093667452121065;0,6105235775875871;193,01227574227673;6,975237753875255e-43;0,4167721307287978;0,6768863697131963;170,58042123182454;3,3601059834224933e-38;1,3756567591901656;0,16912088387328983;13,509008393300899;0,00024056257892025382
VSTE3;-1,2234782436069158;0,6634153095273774;-24,24778099483825;0,0;0,4786367973230961;0,04647819880110449;57946,331118995244;0,0;500,32876720890835;3,7553561600716924e-101;58,46294971950904;7,0717880513136255e-09;1,135948601582143;9,314676280092193e-05;0,027353393318370646;7,766011094301563;2,7243425823392893;0,006474536740551078;36,306191800173266;1,839797401678858e-09;2,0601607764937264;0,03945130162117666;16,918140648552324;3,981869809122814e-05;1,9652947930575502;0,049493466065871836;18,5715524696986;1,676157282505599e-05;0,18308462635522169;0,8547535044877047;0,24618584979005192;0,6198011452545422
WEGE3;0,10869599431690133;0,9666498192734968;-12,969118353863854;3,1080064998939268e-24;0,05983798610042494;0,1;14919,636579207683;0,0;663,696539900317;3,880834476512649e-136;16,556840055364177;0,08476338623931536;0,9614120618704448;0,26734672282050687;0,020805210077773795;3,8577912254160367;0,19369219706013371;0,8464299300421947;31,455386788003455;2,1799369688457045e-08;0,7070023711765071;0,4796088985638734;24,062532500736516;9,699997042215768e-07;0,4036896417963688;0,6864767372669557;25,373728518633232;4,933423168982058e-07;0,621933636560414;0,5340647447444327;3,3180209625142196;0,06859960353787295
WHRL4;-1,1455046892685965;0,6965884321017579;-28,368143518047304;0,0;0,05875093593239616;0,1;27134,775134251937;0,0;190,4641227812073;1,565288462512301e-35;49,2360716935975;3,686897955663116e-07;0,796174019597914;4,6597379288471075e-09;0,018770371245275832;7,8416540595057995;0,2119938547473143;0,8321268785689636;7,535078976090576;0,0060781811802736825;0,6539243884562369;0,5132036592452046;0,0015871483756729305;0,968223465086116;1,0325271541192462;0,301898651218435;10,09647330162869;0,0014969503730095056;1,1920280654938333;0,23335966657108245;31,225779113329953;2,451329219122743e-08
YDUQ3;-2,51703000039366;0,11138553435394866;-61,89575872268137;0,0;0,12372646646912751;0,1;6603,637853900197;0,0;437,33185001446054;1,0507254455405544e-87;5,220314628448746;0,8759831019913821;1,0366341220795117;0,29232637548521745;0,032857030713319385;4,185577407967726;1,1655145598041878;0,24388573227730487;189,2533484320202;4,229451337684596e-42;0,13727627719407262;0,8908195078469182;102,74738958600257;7,41993041059227e-24;1,572045708534571;0,11607831956163046;120,24507362028707;1,3872054378557098e-27;0,6648641469780048;0,5062419481033121;59,521533337071695;1,520346341152946e-14
